korname,engname,update,aff,bs,ms,phd,advisor,advisor2,handle,debut,mathgen,mrauthid,scholar,website,thesis,hide
강명주,Myungjoo Kang,,서울대학교 수리과학부,,1986,,,,,1996,36655,655504,,https://www.ncia.snu.ac.kr/general-5-1,A Level Set Approach for the Motion on Soap Bubbles with Curvature Dependent Velocity or Acceleration,
강미현,Mihyun Kang,201201,"TU Graz, Institute of Discrete Mathematics (오스트리아)",,1996,2001,최건호,,41840,2001,171433,718176,9JPhREIAAAAJ,https://www.math.tugraz.at/~kang/,Random walks on a union of finite groups,
강병훈,Byunghoon Kang,201608,University of Lancaster 경제학과 (영국),2002,,,,,,2016,260416,,pqnerA0AAAAJ,https://sites.google.com/site/davidbhkang/,Essays on Nonparametric Inference and Instrument Selection,
강신욱,Sinuk Kang,201503,원광대학교 수학정보통계학부,1999,2004,2011,권길헌,,181562,2011,,1035515,,,Channeled sampling in shift invariant spaces,
강슬기,Seul ki Kang,202406,St. Thomas대학 수학과 (미국),2002,,,,,,2022,,1376695,,https://cas.stthomas.edu/departments/faculty/seul-ki-kang/,,
강철,Chul Kang,,한경대학교 응용수학전공,,1990,1996,김병천,,41823,1996,,609462,,https://www.hknu.ac.kr/hkcommath/2054/subview.do,Higher moments of matrix quadratic form,
강한길,Hankil Kang,202003,단국대학교 경영학부,2004,,,,,,2017,,,,http://www.dankook.ac.kr/web/kor/-173?p_p_id=DeptInfo_WAR_empInfoportlet&p_p_lifecycle=0&p_p_state=normal&p_p_mode=view&p_p_col_id=column-2&p_p_col_count=1&_DeptInfo_WAR_empInfoportlet_empId=goaNzaSgCHoiVrXN7w0KXw==&_DeptInfo_WAR_empInfoportlet_action=view_message,,
강효상,Hyosang Kang,201702,DGIST 기초학부,2001,,,,,,2011,157321,1225152,,https://klein.dgist.ac.kr/,Cofinite classifying spaces for lattices in R-rank one semisimple,
고관표,Kwan Pyo Ko,,동서대학교 컴퓨터공학전공,,1990,1995,최우진,,41773,1995,,621119,,http://kowon.dongseo.ac.kr/~kpko/,L<sup>p</sup>-Estimation for the gaussian quadratures and numerical application,
고봉균,Bonggyun Ko,201903,전남대학교 통계학과,2007,2011,,,,,2016,,,JgC7MTEAAAAJ,https://natural.jnu.ac.kr/natural/14498/subview.do?enc=Zm5jdDF8QEB8JTJGcHJvZiUyRm5hdHVyYWwlMkY0MTklMkYxOTgzJTJGdmlldy5kbyUzRg==,,
고지훈,Jihoon Goh,202303,부산대학교 경영학과,2011,,,,,,,,,T_8JlLoAAAAJ,,,
곽민석,Minsuk Kwak,201503,한국외국어대학교 수학과,2000,,2011,최우진,,41950,2011,152700,870822,9KAIcAsAAAAJ,https://sites.google.com/site/minsukkwak/,Stochastic optimization problems in financial planning,
곽상훈,Sanghoon Kwak,202503,서울대학교 수학교육과,2013,,,,,,2024,317502,1462701,JhsX8JAAAAAJ,https://www.samkwak.info,,
곽철광,Chulkwang Kwak,202003,이화여자대학교 수학과,,2010,2016,권순식,,222191,2016,245905,1035460,klmPN7sAAAAJ,https://sites.google.com/site/ckkwak84,Study on the low regularity Cauchy problem for fifth-order dispersive equations,
권경윤,Kyung Yoon Kwon,201805,"University of Strathclyde, Dept. of Accounting and Finance (스코틀랜드)",2005,,,,,,2017,,,8uMdqZoAAAAJ,https://pureportal.strath.ac.uk/en/persons/kyung-yoon-kwon,,
권상훈,Sanghoon Kwon,201809,가톨릭관동대학교 수학교육과,2006,,,,,,2016,206688,1234331,,https://www.cku.ac.kr/math/928/subview.do,Dynamics on Lie groups over local fields and its applications,
권순학,Soonhak Kwon,199803,성균관대학교 수학과,1986,,,,,,1997,88969,610134,DO-vDKQAAAAJ,https://cscience.skku.edu/cscience/intro/faculty_math.do?mode=view&perId=LZStrI4TwzADg6hBeCaAnAwgYwIwFcDmBnAqgEoD0AMgCzACKAvDUA &,On Torsion Subgroups of Elliptic Curves over Number Fields,
권오성,Ohsung Kwon,202203,한국공학대학교 경영학부,2008,,,,,,2019,,,LZbDK_EAAAAJ,https://kr.linkedin.com/in/ohsung-kwon-559199126,,
권오정,O-joung Kwon,202203,한양대학교 수학과,,2010,2015,엄상일,,206327,2015,193189,1052227,n_Y3RNMAAAAJ,http://ojkwon.com/,On the structural and algorithmic properties of linear rank-width,
김경수,Kyungsoo Kim,201303,경희대학교 응용수학과,1992,1996,2003,이성연,,41864,2003,,675764,Za6a-YUAAAAJ,https://khu.elsevierpure.com/en/persons/kyungsoo-kim,Stabilities and error estimates for finite element approximations,
김광연,Kwang-Yeon Kim,200803,강원대학교 수학과,1990,1994,2002,곽도영,,41851,2002,,668508,,https://math.kangwon.ac.kr/~kimky/,Mixed finite volume methods on quadrilateral grids for second-order elliptic problems,
김기현,Kihyun Kim,202408,서울대학교 수리과학부,2012,,2021,권순식,,294689,2021,320336,1339980,EBQoe6UAAAAJ,https://sites.google.com/view/kihyunkim,Blow-up dynamics for the self-dual Chern-Simons-Schrödinger equation
김대욱,Dae Wook Kim,202409,KAIST 뇌인지과학과,2012,,2021,김재경,,320408,2021,,946191,AfibYnMAAAAJ,https://sites.google.com/view/dae-wook-kim/home,Deterministic and stochastic mathematical modeling and analysis of cellular systems with time delay,
김도완,Do Wan Kim,201003,인하대학교 수학과,,1987,1994,김문언,,41770,1994,,365248,,https://math.inha.ac.kr/math/3523/subview.do,Minimum-drag shape in two-dimensional viscous flow,
김도윤,Doyoon Kim,,고려대학교 수학과,,1997,,,,,2005,100228,789267,hf50tA8AAAAJ,https://math.korea.ac.kr/math/mem/professor.do?mode=view&articleNo=538&article.offset=0&articleLimit=200,Partial Differential Equations in Sobolev Spaces With or Without Weights,
김도형,Do-Hyung Kim,,단국대학교 수학과,1990,1996,2005,임진환,,41879,2005,139413,782862,,https://cms.dankook.ac.kr/web/cons/-14?p_p_id=DeptInfo_WAR_empInfoportlet&p_p_lifecycle=0&p_p_state=normal&p_p_mode=view&p_p_col_id=column-2&p_p_col_count=1&_DeptInfo_WAR_empInfoportlet_empId=HBhz/Sz6WU9/lfLUE0toaw==&_DeptInfo_WAR_empInfoportlet_action=view_message,Metric structure and causality of lorentzian manifold,
김동한,Dong Han Kim,,동국대학교 수학교육과,,1994,2002,최건호,,41846,2002,126688,630927,kXTh9oQAAAAJ,https://sites.google.com/site/drkimdh/,The first return time and entropy of Markov chains,
김동한,Donghan Kim,202408,KAIST 수리과학과,2006,,,,,,2020,262394,1379083,,https://sites.google.com/view/donghan-kim/home,,
김래영,Rae Young Kim,,영남대학교 수학과,1993,1997,2003,김홍오,,41866,2003,135016,682478,Zlbl4lcAAAAJ,https://math.yu.ac.kr/main/faculty/faculty-window.do?p_no=17815,On the relations between multiresolution analyses and wavelets,
김린기,Ringi Kim,202009,인하대학교 수학과,2003,2009,,,,,2016,243020,1153019,,https://sites.google.com/view/ringikim/home,On unavoidable graphs and tournaments,
김명근,Myung Geun Kim,,서원대학교 수학교육과 [명예교수],,1983,,,,,1991,255352,351134,,https://www.seowon.ac.kr/mathedu/3265/subview.do?enc=Zm5jdDF8QEB8JTJGcHJvZmwlMkZtYXRoZWR1JTJGMTElMkY0NzElMkZhcnRjbFZpZXcuZG8lM0ZzcmNoV3JkJTNEJTI2cGFnZSUzRDElMjZzcmNoQ29sdW1uJTNEJTI2,Models for the covariance matrices of several groups,
김미경,Meekyoung Kim,201903,대구대학교 컴퓨터정보공학부,,2008,,,,241758,2017,,,,https://www.linkedin.com/in/meekyoung-kim-a9404a33/,Physical layer modeling and parameter estimation for efficient human soft tissue animation,1
김민규,Min Kyu Kim,,경인교육대학교 수학교육과,1993,1997,2005,임진환,,41880,2005,,702382,,https://edu.ginue.ac.kr/mathematics/CMS/ProfessorMgr/list.do?mCode=MN016,Symmetries on symplectic manifolds,
김민기,Minki Kim,202202,GIST 수리과학과,2008,2012,2018,Andreas Holmsen,,264941,2018,,1183004,VHRW66MAAAAJ,https://sites.google.com/view/minkikim/home,On fractional Helly properties in graphs without large complete minors,
김바라,Bara Kim,,고려대학교 수학과,1989,1993,1999,최창선,최봉대,41815,1999,,654296,,https://mathematicians.korea.ac.kr/bara/,Feedback queue and semi-MMPP with applications to long range dependent traffic modeling,
김병두,Byoung Du Kim,,Victoria Univ. of Wellington 수학과  (뉴질랜드),1997,,,,,,2005,17072,805840,,https://homepages.ecs.vuw.ac.nz/~bdkim/,The Parity Conjecture and Algebraic Functional Equations for Elliptic Curves at Primes with Supersingular Reduction,
김보성,Bosung Kim,201903,경희대학교 경영학과,2004,,,,,,2017,,,yLXlcbkAAAAJ,https://sites.google.com/view/bosungkim,,
김선진,Seonjin Kim,201308,Miami University 통계학과 (미국),2002,,,,,,2013,,,,https://seonjinkim83.github.io/,,
김성수,Sung Soo Kim,199203,한양대학교 수리데이터사이언스학과,,1986,1991,권길헌,,41759,1991,88925,294313,,http://amath.hanyang.ac.kr/page/?pid=professor1,Study of ordinary differential equations in the space of hyperfunctions and its applications to orthogonal polynomials,
김성운,Sungwoon Kim,201509,제주대학교 수학과,1994,1998,2005,서동엽,,41885,2005,,982647,oG-Iq2UAAAAJ,http://newton.kias.re.kr/~sungwoon/,Divergent sequences of function groups,
김성원,Seongwon Kim,,Washington University of Virginia (미국),1987,,,,,,,,,,https://academics.wuv.edu/college-of-arts-and-science-faculty-information/,,
김성학,Seonghak Kim,201709,경북대학교 수학과,,2005,,,,,2015,202576,1093587,DKvRb7kAAAAJ,https://sites.google.com/site/seonghakkim15/,On the existence of Lipschitz solutions to some forward-backward parabolic equations,
김성호,Seongho Kim,201308,Wayne State University 약대 (미국),,1998,2005,김성호,,41881,2005,203613,900519,,https://oncology.med.wayne.edu/profile/fn4867,A theory and method for large recursive models with incomplete categorical data,
김세구,Se-Goo Kim,,경희대학교 수학과,1986,,,,,,2001,49594,610250,,https://khu.elsevierpure.com/en/persons/se-goo-kim,Polynomial Splittings of Casson-Gordon Invariants,
김세권,Se Kwon Kim,202006,KAIST 물리학과,1998,,,,,,2014,,,EcQJK3gAAAAJ,https://sites.google.com/site/sekwonkimphysics/members/pi,,
김세익,Seick Kim,200803,연세대학교 수학과,1991,,,,,,2003,77612,707903,t_nMZzEAAAAJ,https://sites.google.com/view/kimseick/home,On the Regularity of Solutions to Second-order Equations and Systems,
김연수,Yeansu Kim,201609,전남대학교 수학교육과,2000,,,,,,2013,202628,1094118,nAn381kAAAAJ,https://sites.google.com/view/yeansukim,L-functions from Langlands-Shahidi method for GSpin groups and the generic Arthur packet conjecture,
김영락,Yeongrak Kim,202103,부산대학교 수학과,2005,2008,2016,곽시종,,222190,2016,224570,1155792,,https://sites.google.com/view/yeongrak,Vector bundle techniques in the geometry of projective varieties,
김영수,Youngsoo Kim,202407,"Loyola University Chicago, Quinlan School of Business (미국)",2003,2007,,,,,,,,l4IaOn4AAAAJ,https://sites.google.com/site/ykimdec/home,,
김영수,Youngsu Kim,202008,CSU San Bernardino 수학과 (미국),2000,,,,,,2014,189982,989789,,https://youngsukim-csusb.github.io/,Quasi-Gorensteinnes of Extended Rees Algebras,
김영철,Yeong Cheol Kim,,목포대학교 수학교육과 [명예교수],,,1998,최봉대,,41799,1998,,364898,,https://mmed.mokpo.ac.kr/mmed/2740/subview.do,Priority queue and its applications to traffic control,
김영헌,Young-Heon Kim,200808,University of British Columbia 수학과 (캐나다),,1994,,,,,2005,90590,615856,uVNCjOEAAAAJ,https://personal.math.ubc.ca/~yhkim,Holomorphic Extensions of Laplacians and Their Determinants,
김유라,Yoora Kim,201309,울산대학교 데이터응용수학과,,2003,2009,황강욱,,41919,2009,,1133019,WW243yYAAAAJ,https://math.ulsan.ac.kr/math/1213,Opportunistic scheduling and cross-layer design exploiting multiuser diversity in wireless networks,
김장수,Jang Soo Kim,201403,성균관대학교 수학과,1999,2003,2009,김동수,,41912,2009,142087,806216,AlpgbIoAAAAJ,https://jangsookim.github.io/,Variations of the numbers of permutations and tableaux,
김재훈,Jae-Hoon Kim ,201907,부산외국어대학교 컴퓨터공학과,,1994,,,,,2003,,607871,,http://bufs.icts21.com/computer/index.php?pCode=MN400007&mode=view&idx=321,,
김재훈,Jaehoon Kim,201907,KAIST 수리과학과,2003,,,,,,2014,192901,973739,zSRI9I0AAAAJ,https://sites.google.com/view/jaehoon-kim,Extremal Problems Involving Forbidden Subgraphs,
김재형,Jaehyung Kim,202409,연세대학교 인공지능대학,2012,,,,,,2024,,,6OYOsGsAAAAJ,https://sites.google.com/view/jaehyungkim,,
김정현,Jeunghyun Kim,202203,고려대학교 경영대학,2002,,,,,,2016,,,Nq5_mL4AAAAJ,https://sites.google.com/site/jeunghyunkim/,,
김주리,Ju-Lee Kim,200708,MIT 수학과  (미국),1987,,,,,,1997,14937,653104,,https://math.mit.edu/directory/profile.html?pid=132,Hecke Algebras of Symplectic Groups over P-Adic Fields and Supercuspidal Representations,
김주명,Ju Myung Kim,201803,세종대학교 수학통계학과,,2000,2007,최창선,,41894,2007,110010,780140,,http://www.sejong.ac.kr/college/natural_01_12.html?menu_id=1.5,Weak approximation properties in banach spaces,
김준교,Jun-Kyo Kim,200504,부산대학교 수학과,,1989,1995,한상근,,41777,1995,137288,364173,,https://math.pusan.ac.kr/math/15567/subview.do?enc=Zm5jdDF8QEB8JTJGcG51UHJvZmwlMkZtYXRoJTJGNDElMkY0MDIxJTJGYXJ0Y2xWaWV3LmRvJTNGZmluZFR5cGUlM0QlMjZmaW5kV29yZCUzRCUyNnBhZ2UlM0QxJTI2,On partitions of bipartite numbers,
김준식,Juk Sik Kim,201502,인천대학교 무역학부,2003,,,,,,2014,,,,https://sites.google.com/site/junsici/,,
김지현,Ji Hyun Kim,201103,한남대학교 수학과,,2001,2009,곽도영,,41925,2009,,1123432,,https://my.hnu.kr/html/profDetail.html?param=899573,New mixed finite element for an elliptic problem on hexahedral grids,
김창완,Chang-Wan Kim,201303,목포해양대학교 교양과정부,1988,1992,2000,임진환,,41818,2000,,600569,,https://www.mmu.ac.kr/S5/usrPositionprofessor,Curvature and rigidity in metric spaces,
김창헌,Chang Heon Kim,,성균관대학교 수학과,1988,1992,1999,구자경,,41813,1999,179411,611615,,https://cscience.skku.edu/cscience/intro/faculty_math.do?mode=view&perId=LZStrB4egjg9gXgKgVpArAVxgSQLYGYQC1ECyATgQIIC85QA,Arithmetic of some modular functions,
김창호,Chang Ho Kim,199609,건국대학교 컴퓨터공학과,,1989,1995,최우진,,41776,1995,,629965,,http://www.kku.ac.kr/cop/telePhone/user/Execute.do?command=fixed&listType=newprofessor&siteId=wwwkr&teleIdx=14177&findType=fixed&findWord=363&id=wwwkr_140303020300,Spectral methods for the integrodifferential equation with a weakly singular kernel,
김태희,Taehee Kim,2006,건국대학교 수학과,1990,,,,,,2003,77951,743933,JwhtTugAAAAJ,https://sites.google.com/view/taehee-kim,Obstructions to Slicing and Doubly Slicing,
김필수,Philsu Kim,200502,경북대학교 수학과,,1992,2001,최우진,,41835,2001,156043,638726,1oHkWZQAAAAJ,https://dydgus1020.wixsite.com/philsukim,Study on the numerical method for solving singular integral equation,
김형기,Hyungki Kim,201809,전북대학교 컴퓨터공학부,2004,,,,,,2015,,,0Twj2DkAAAAJ,https://sites.google.com/site/diskhkme/,,
김형석,Hyoungseok B. Kim,199903,동의대학교 응용소프트웨어공학전공,,1990,1998,김홍오,신성용,41798,1998,,341493,,http://hyomin.deu.ac.kr/~hskim/,Collision detection using spherical voronoi diagrams,
김형태,Hyung Tae Kim,201708,CSU Fresno 회계학과 (미국),2000,,,,,,,,,G0lZEWEAAAAJ,https://www.researchgate.net/profile/Hyung-Tae-Kim-2,,
김혜진,Hyejin Kim,201408,"University of Michigan-Dearborn, Department of Mathematics and Statistics (미국)",,1999,,,,,2009,,870820,,https://umdearborn.edu/hyejin-kim,,
김혜현,Hyea Hyun Kim,201009,경희대학교 응용수학과,,1997,2004,이창옥,,41875,2004,95792,688661,,http://hhkim.khu.ac.kr/,Preconditioners for FETI-DP formulations with mortar methods,
김호현,Hohyun Kim,202203,한동대학교 경영경제학부,2006,,,,,,,,,S1EJSXEAAAAJ,http://pro.handong.edu/hhkim88/,,
김화길,Hwa Kil Kim,201803,한남대학교 수학교육과,,1997,,,,,2009,153687,934766,,https://my.hnu.kr/html/profDetail.html?param=1506530,Hamiltonian systems and the calculus of differential forms on the Wasserstein space,
김화성,Hwa-Sung Kim,,경희대학교 경영학과,,1996,,,,,,,,,https://sites.google.com/a/khu.ac.kr/fstar/,,
김훈,,,한국과학영재학교 수리정보과학부,1989,,,,,,,,,,,,1
남덕우,Dougu Nam,,UNIST 생명과학과,,1996,2002,최창선,,41855,2002,110013,688672,,https://sites.google.com/site/bigunist2/professor,Optimal estimation and numerical methods for conditional diffusion processes,
노금환,Kum-Hwan Roh,201209,한남대학교 수학과,,,2008,최우진,,41904,2008,156611,831603,,https://math.hannam.ac.kr/professor/,Valuing options under regime switching environment,
도현수,Hyun Soo Doh,202209,한양대학교 경영학부,1998,,,,,,2017,,,jQKF7oEAAAAJ,https://hsdoh.com/,,
라준현,Joonhyun La,202409,고등과학원 수학부,2008,,,,,,2019,,1137022,m4Tdei8AAAAJ,https://sites.google.com/view/joonhyunla/home,,
류재칠,Jaechil Yoo,,동의대학교 기초과학교양학부,,1985,,,,,1996,11588,664849,,https://liberal.deu.ac.kr/liberal/471/subview.do,Numerical Solvers for the Galerkin Least Square Methods,
류제경,Je-Kyung Ryu,202203,서울대학교 물리천문학부,2002,,,,,,2014,,,rWHj3h8AAAAJ,https://jekyungryu.kr/members,,
명성,Sung Myung,200609,인하대학교 수학교육과,1988,,,,,,2002,58852,774641,,https://mathed.inha.ac.kr/mathed/4166/subview.do?enc=Zm5jdDF8QEB8JTJGZGVwYXJ0bWVudEludHJvJTJGbWF0aGVkJTJGMTE0NyUyRjExNjElMkZjb2xsZWdlUHJvZlZpZXcuZG8lM0ZzaXRlSWQlM0RtYXRoZWQlMjZpbmhhaWQlM0Q0RDIyQUI2Q0M2MDVGN0FDQ0YwOEY3MDdEMjE1OEI3MjRFOEE1NkFDMkIyNjkzM0YwNkNCQjNEMzNFMzk0Mzk1RjVCOUIzMzA0ODA2MDk5NDUyRDkzODk3MTdENTQ5MjAzNkVBQTQ1NTBFQkI5OTg1N0E4MDE0NTZDODZCQzJBRSUyNg==,Motivic Polylogarithms for the Goodwillie-Lichtenbaum Complex,
문지환,Jihwan Moon,201708,"University of New South Wales, School of Marketing (호주)",2001,,,,,,,,,uuGp23MAAAAJ,https://www.unsw.edu.au/staff/jihwan-moon,A Computational Framework Tracking a Moving Interface in Arbitrary Dimension and Codimension,
문하은,Haeun Moon,202409,서울대학교 첨단융합학부 및 통계학과,2008,,,,,,2022,,,8fr3k7YAAAAJ,https://sites.google.com/view/haeunmoon,,
민조홍,Chohong Min,201003,이화여자대학교 수학과,1990,,,,,,2004,17047,732844,g-sNjLIAAAAJ,http://math.ewha.ac.kr/~chohong/,A Computational Framework Tracking a Moving Interface in Arbitrary Dimension and Codimension,
박대희,Dae Heui Park,,전남대학교 수학과,,1991,2001,서동엽,,197750,2001,73432,619303,,https://math.jnu.ac.kr/math/16621/subview.do?enc=Zm5jdDF8QEB8JTJGcHJvZiUyRm1hdGglMkYzODglMkY4MjAlMkZ2aWV3LmRvJTNG,Topological properties of semialgebraic G-Sets,
박상현,Sang-Hyun Park,201208,"Augusta University, James M. Hull College of Business (미국)",2001,,,,,,2012,,,,https://www.augusta.edu/faculty/directory/view.php?id=SAPARK,,
박석봉,Suk Bong Park,,육군사관학교 수학과 [명예교수],,,1996,권길헌,,41783,1996,,618289,,,Semi-classical and discrete orthogonal polynomials,
박선정,Seonjeong Park,202103,전주대학교 수학교육과,,2005,2011,서동엽,,41952,2011,198502,984599,gZsv5kEAAAAJ,https://sites.google.com/site/seonjeong1124/,Topological classification of quasitoric manifolds,
박선철,Seoncheol Park,202303,한양대학교 수학과,2008,,,,,,2019,,,,https://seoncheolpark.github.io,,
박성혁,Sunghyuk Park,201909,KAIST 경영공학부,2001,,,,,,2011,,,_B36WMgAAAAJ,https://www.business.kaist.ac.kr/faculty/heypark,,
박영용,Yeongyong Park,,목포대학교 수학교육과,,1985,1992,김홍오,,41751,1992,,,,https://mmed.mokpo.ac.kr/mmed/2739/subview.do,Maximal functions and their applications,
박영희,Young Hee Park,,청주교육대학교 수학교육과,,1990,1996,김병천,,41780,1996,,358131,,https://www.cje.ac.kr/web/major.do?major=maths&menu_cd=000017,Local influence in testing some hypotheses about covariance matrices,
박윤경,Yoon Kyung Park,201908,서울과학기술대학교 기초교육학부,,2001,2008,구자경,,41906,2008,179415,836403,,https://liberal.seoultech.ac.kr/prof_intro/prof/?togo=list&menu=4328&profidx=02574,Arithmetic of Ramanujan's continued fractions and Hypergeometric series,
박윤범,Yunbeom Park,,서원대학교 수학교육과 [명예교수],,1986,1994,최우진,,41769,1994,,358868,,https://www.seowon.ac.kr/mathedu/3265/subview.do?enc=Zm5jdDF8QEB8JTJGcHJvZmwlMkZtYXRoZWR1JTJGMTElMkY0NzIlMkZhcnRjbFZpZXcuZG8lM0ZzcmNoV3JkJTNEJTI2cGFnZSUzRDElMjZzcmNoQ29sdW1uJTNEJTI2,Degree reduction of Bézier curves and its error analysis,
박윤서,Yoon Seo Park,200203,전북대학교 경영학과,1989,,,,,,2000,,,,https://business.jbnu.ac.kr/business/10553/subview.do?enc=Zm5jdDF8QEB8JTJGamJudVByb2ZsJTJGYnVzaW5lc3MlMkYyMjQlMkYxNTI4JTJGYXJ0Y2xWaWV3LmRvJTNGcGFnZSUzRDElMjZmaW5kVHlwZSUzRCUyNmZpbmRXb3JkJTNEJTI2,,
박은희,Eun-Hee Park,201403,강원대학교 AI소프트웨어학과,,2001,2009,이창옥,,41909,2009,144929,863657,,https://cms.kangwon.ac.kr/aisw/professor/professor.do?mode=view&key=$cms$IwisBYg,A dual iterative substructuring method with a penalty term,
박의성,Euisung Park,,고려대학교 수학과,,1998,2004,곽시종,,,2004,107548,760202,,https://math.korea.edu/math_en/people/faculty.do?mode=view&articleNo=73470&article.offset=0&articleLimit=200,On Higher Syzygies of Complete and Noncomplete Embedding of Projective Algebraic Varieties,
박재혁,Jae-Hyuck Park,202309,New Jersey Institute of Technology (미국),2006,,,,,,2021,,,,https://sites.google.com/view/jae-hyuck/,,
박종태,Jong-Tae Park,,평택대학교 데이터정보학과,,1986,1993,김병천,,41763,1993,,,,https://www.ptu.ac.kr/www/592/subview.do?enc=Zm5jdDF8QEB8JTJGbGlua3Byb2YlMkZ3d3clMkY4JTJGMTE5OTYwMDIlMkZhcnRjbFZpZXcuZG8lM0Y=,The projection matrix of the linear models using eigenvectors,
박준하,Joonha Park,202406,캔자스대학교 수학과 (미국),,2010,,,,,2020,,1401044,W3uZ24AAAAAJ,https://math.ku.edu/people/joonha-park-0,,
박진수,Jinsu Park,202203,충북대학교 정보통계학과,2006,2010,2020,정연승,,284353,2020,,1404405,,https://stat.chungbuk.ac.kr/?pg_idx=126,Nonparametric Bayesian functional two-part random effects model for analyzing longitudinal data with zero inflation,
박진현,Jinhyun Park,200901,KAIST 수리과학과,1995,,,,,,2006,101098,619635,,https://mathsci.kaist.ac.kr/~jinhyun/,Infinitesimal and Cyclic Aspects of Motives,
박진형,Jinhyung Park,202203,KAIST 수리과학과,2002,2007,2014,곽시종,,197746,2014,193725,961278,d6AYKw8AAAAJ,https://sites.google.com/site/parkjh13/,Cox rings of rational surfaces and applications of double point divisors,
박진호,Jinho Park,201303,숭실대학교 글로벌미디어학부,1994,1999,,,,,2007,,,BAK1ALoAAAAJ,http://media.ssu.ac.kr/sub.php?code=N2737Md,,
박철근,Chul Geun Park,199703,선문대학교 스마트정보통신공학과 [명예교수],,1984,1995,최봉대,,41775,1995,,,,https://information.sunmoon.ac.kr/information/ad/pp/profsrintrcnPage.do?mi=40536,Queueing systems for input traffic control schemes in ATM networks,
박한철,Hanchul Park,201809,제주대학교 수학교육과,1998,2002,2010,김진홍,,41943,2010,,926150,_dZ6T-gAAAAJ,https://mathedu.jejunu.ac.kr/mathedu/professor/professorinfo.htm,Khovanov homology and its Torsion,
백진호,Jinho Baik,2002,University of Michigan 수학과  (미국),1991,,,,,,1999,33658,646186,yP5OPFUAAAAJ,https://sites.lsa.umich.edu/baik/,Riemann-Hilbert Problems and Random Permutations,
백형렬,Hyungryul Baik,201702,KAIST 수리과학과,2003,,,,,,2014,184160,1033130,rzb0QJcAAAAJ,https://sites.google.com/site/hrbaik85/,Laminations on the Circle and Hyperbolic Geometry,
서병기,Byoung Ki Seo,201208,UNIST 경영과학부,1993,1997,2004,최건호,,41871,2004,194123,684369,1b90HOcAAAAJ,https://research.unist.ac.kr/post-research/bkseo/,Recurrence of multiples of irrational numbers modulo 1,
서성원,Sung Won Seo,201909,건국대학교 경영대학,2002,,,,,,2014,,,,https://sites.google.com/site/swseo2013,,
서승현,Seunghyun Seo,2008,강원대학교 수학교육과,,1996,2004,김동수,,41870,2004,125702,685264,KE5WeIkAAAAJ,https://sites.google.com/view/shyunseo,Combinatorics on minimal transitive factorizations of permutations,
서홍석,Hong-Suk Seo,201710,서울외국어대학원대학교 국제교양학과,,1988,,,,,2001,,,,http://abi.sufs.ac.kr/people/p_1.php,,
서효원,Hyowon Seo,202203,군산대학교 수학과,,2010,2018,김용정,,264937,2018,,1387462,jujt-scAAAAJ,https://www.kunsan.ac.kr/math/index.kunsan?menuCd=DOM_000007102001003000,Diffusion in the heterogeneous environments,
석상익,Sang-ik Seok,202103,울산대학교 경영학부,2007,,,,,,2019,,,WV-R0d8AAAAJ,https://sites.google.com/view/sangikseok,,
선우하식,Hasik Sunwoo,,건국대학교 컴퓨터공학과,,1984,1990,김병천,,41758,1990,,244501,,https://cyan.kku.ac.kr/~sunwoo/,Efficient computational algorithms for analysis of linear models using the M-P inverse,
성수학,Soo Hak Sung,,배재대학교 전기공학과,,1983,1988,최봉대,,41755,1988,,229224,,https://hakgwa.pcu.ac.kr/aiee/90/professor/25401600/594,On the laws of large numbers and moments of supremum of normed sums,
송경우,Kyungwoo Song,202303,연세대학교 응용통계학과,2010,,,,,,2021,,,HWxRii4AAAAJ,https://mlai.yonsei.ac.kr/team,,
송병철,Byung Chul Song,,강릉원주대 수학물리학부 수학전공,,1985,1991,권길헌,,41762,1991,,260190,,https://math.gwnu.ac.kr/math/4052/subview.do?enc=Zm5jdDF8QEB8JTJGcHJvZmwlMkZtYXRoJTJGMTYyJTJGMjI5JTJGYXJ0Y2xWaWV3LmRvJTNGcGFnZSUzRDElMjZzcmNoQ29sdW1uJTNEJTI2c3JjaFdyZCUzRCUyNg==,Study of overdetermined system of complex vector fields,
송재희,Jaehee Song,202206,"University of Colorado Boulder, Leeds School of Business (미국)",2011,,,,,,2022,,1237205,,https://www.jaeheesong.com/,,
송종백,Jongbaek Song,202303,부산대학교 수학교육과,,2008,2017,서동엽,,241909,2017,245214,1235353,,https://sites.google.com/site/jongbaeksong/,The integral cohomology ring of toric orbifolds,
신동화,Dong Hwa Shin,201203,한국외국어대학교 수학과,1998,2004,2010,구자경,,41932,2010,179417,884923,,http://builder.hufs.ac.kr/user/indexSub.action?codyMenuSeq=124320384&siteId=math2&menuType=T&uId=1&sortChar=A&menuFrame=left&linkUrl=1_2.html&mainFrame=right,Arithmetic properties of Siegel functions and applications,
신민석,Minseok Shin,202409,포스텍 산업경영공학과,2013,,,,,,,,,,,,
신수진,Sujin Shin,200203,KAIST 수리과학과,1987,,,,,,1999,35157,682689,,,Measures that maximize weighted entropy for factor maps between subshifts of finite type,1
신승훈,Sean Seunghun Shin,202408,KAIST 경영공학부,2006,,,,,,2017,,,owKeLcEAAAAJ,https://sites.google.com/view/s-shin/,,
신양우,Yang Woo Shin,,창원대학교 통계학과,,1984,1991,최봉대,,41760,1991,,320024,,https://www.changwon.ac.kr/stat/stf/stfView/staffView.do?rolecd=TSAL&staffTy=EXCP&mi=5558,Transient diffusion approximation for the G/G/m queueing systems,
신용현,Yong Hyun Shin,201409,숙명여자대학교 수학과,,2000,2007,최우진,구형건,41889,2007,143361,817466,KRQOCdoAAAAJ,https://sites.google.com/site/yonghyunshin1972/,"Optimal portfolio, consumption-leisure and retirement choice problem",
신정우,Jungwoo Shin,201609,경희대학교 산업경영공학과,2002,,,,,,2012,,,hEHWNiIAAAAJ,https://www.tmlabkyunghee.com/about-me,,
신희성,Heesung Shin,201103,인하대학교 수학과,1996,1999,2007,김동수,,41898,2007,125703,746276,5Jk18IAAAAJ,http://hshin.info/,A refinement of numbers for trees and parking functions,
안병희,Byung Hee An,202003,경북대학교 수학교육과,1997,2001,2010,고기형,,41937,2010,145736,914644,qsTIuOgAAAAJ,https://geometry.knu.ac.kr/~anbyhee/,A family of representations of braid groups on surfaces,
안성준,Sung Jun An,202010,제주한라대학교 지능형시스템공학과,,2002,2010,김성호,길이만,41935,2010,,,8cz7gA4AAAAJ,https://www.halla.page/p/blog-page_1.html,"Zero-crossing-based sound source localization, segregation and recognition",
안영준,Young Joon Ahn,,조선대학교 수학교육과,,1992,1998,김홍오,,41802,1998,,621937,,http://ahn.chosun.ac.kr/partition.html,Approximations of planar curves by quadratic rational B-splines,
안영호,Young-Ho Ahn,,목포대학교 수학교육과,,1992,2000,최건호,,41819,2000,143511,632820,,https://mmed.mokpo.ac.kr/mmed/2739/subview.do,Skew products arising from ergodic transformations,
안재현,Jaehyun Ahn,,충남대학교 수학과,1991,1995,2003,배성한,,41860,2003,64047,697105,,https://math.cnu.ac.kr/math/people/faculty01.do?mode=view&key=LZStrEwBhBYEYxA2I&siteId=math,Cyclotomic units and stickelberger ideals over global function fields,
양성덕,Seong-Deog Yang,,고려대학교 수학과,1986,,,,,,1997,69337,673171,,https://mathematicians.korea.ac.kr/sdyang/,On a Connected Sum Construction for Complete Minimal Surfaces of Finite Total curvature,
엄상일,Sang-il Oum,202408,IBS 이산수학그룹,1994,,,,,,2005,92455,765385,EsMssA0AAAAJ,https://dimag.ibs.re.kr/home/sangil/,Graphs of Bounded Rank-Width,
엄익선,Ick Sun Eum,201609,동국대학교 수학교육과,,2006,2012,구자경,,181554,2012,179419,915624,,https://mathedu.dongguk.ac.kr/HOME/mathedu/sub.htm?nav_code=mat1589161324,Some studies on Klein forms and Eisenstein series,
오덕순,Duk-Soon Oh,202003,충남대학교 수학과,1998,,,,,,2011,178042,1011821,d2C_Y54AAAAJ,https://sites.google.com/view/duksoonoh,Domain Decomposition Methods for Raviart-Thomas Vector Fields,
오성진,Sung-Jin Oh,201909,UC Berkeley 수학과 (미국),2006,,,,,,2013,273323,1060366,,https://math.berkeley.edu/~sjoh/,Finite energy global well-posedness of the (3+1)-dimensional Yang-Mills equations using a Yang-Mills heat flow gauge,
오수호,Suho Oh,201408,Texas State University 수학과 (미국),2001,,,,,,2011,168024,850016,,https://faculty.txst.edu/profile/1922575,Combinatorics related to the Totally Nonnegative Grassmannian,
오승상,Seungsang Oh,,고려대학교 수학과,1988,,,,,,1996,45859,609855,x87uE4oAAAAJ,https://datascience.korea.ac.kr/ds/intro/math_fulltime_faculty.do?mode=view&articleNo=251913&article.offset=0&articleLimit=10,Exceptional Manifolds after Dehn Filling,
오재린,Jaelynn Oh,201308,"University of Utah, David Eccles School of Business (미국)",2000,,,,,,2014,,,6PSsQSkAAAAJ,https://faculty.utah.edu/u0917183-JAELYNN_OH/hm/index.hml,,
오정석,Jeongseok Oh,202403,서울대학교 수리과학부,2005,,2017,서동엽,,241910,2017,280220,1281147,0VOzmFEAAAAJ,https://sites.google.com/view/jeongseokoh/,Quasimap theory and its applications to mirror symmetry,
오종철,Jong Chul Oh,,군산대학교 수학과,,1987,1995,김병천,,41774,1995,,608146,,https://www.kunsan.ac.kr/math/index.kunsan?menuCd=DOM_000007102001000000,Studies on choosing the bandwidth in a kernel regression estimation,
오준호,Junho Oh,202203,한국외국어대학교 경영대학,2006,,,,,,,,,,https://builder.hufs.ac.kr/user/indexSub.action?codyMenuSeq=136419507&siteId=hufsbizz&menuType=T&uId=3&sortChar=A&linkUrl=3_list135430760&dum=dum&boardId=136418948&page=1&command=albumView&boardSeq=160417913&categoryDepth=&search=오준호&column=title,,
유병훈,Byeong Hoon Yoo,,안동대학교 수학교육과,,1986,1994,권길헌,,41766,1994,,327103,,https://mathedu.andong.ac.kr/module/prof/list.php?mid=/introduce/professor&prcode=professor,Characterizations of orthogonal polynomials satisfying differential equations,
유상현,Sanghyeon Yu,201909,고려대학교 수학과,,2009,2015,임미경,,206324,2015,,959778,rniqBGQAAAAJ,https://sites.google.com/site/shyu85/,Analysis of stress concentration and plasmon resonance,
윤동성,Dong Sung Yoon,201809,부산대학교 수학교육과,2002,2006,2013,구자경,,197739,2013,179379,950306,,https://sites.google.com/site/mathdsyoon,Construction of class fields over certain CM fields,
윤병인,Beong In Yun,,군산대학교 통계컴퓨터과학과,1986,1990,1996,최우진,,41784,1996,154813,607578,mIGGm8MAAAAJ,https://www.kunsan.ac.kr/scs/index.kunsan?menuCd=DOM_000007202000000000,Analytic function approach and numerical boundary integral method to the elasticity,
윤석민,Sukmin Yoon,202402,한양대학교 인공지능학과,2012,,,,,,,,,fQcZ_hQAAAAJ,https://sites.google.com/view/sukmin-yun,,
윤석훈,Seokhoon Yun,,수원대학교 데이터과학부 [2020년 별세],,1983,,,,,1994,47508,617794,,http://www.kss.or.kr/bbs/board.php?bo_table=familyEvent&wr_id=295&sst=wr_hit&sod=asc&sop=and&page=4,Extremes and Threshold Exceedances in Higher Order Markov Chains with Applications to Ground-Level Ozone,
윤아람,Aaram Yun,201903,이화여대학교 사이버보안학과,1991,,,,,,2001,59884,759278,WyIVD6UAAAAJ,http://www.ewha.kr/ewha/academics/eltec-engineering-prof.do?mode=view&pId=rou3lVdUg9mb7qvocGX9aA==,Discrete Subgroups of the Special Linear Group with Thin Limit Sets,
윤정록,Jeong-Rock Yoon,,"Clemson University, School of Mathematical and Statistical Sciences (미국)",,1993,2001,최우진,,197751,2001,156601,638022,,http://jryoon.people.clemson.edu/,"Inverse problems for reconstructive imaging of inhomogeneities inside the body : mathematical theory, numerical algorithms, and biomedical applications",
윤지희,Ji Hee Yoon,202207,University College London 경제학과 (영국),2002,2006,2011,최우진,,41956,2011,,940870,,https://sites.google.com/site/jiyoonmath/home,Financial derivative pricing under stochastic market environments,
윤창욱,Changwook Yoon,202103,충남대학교 수학과,,2008,2015,김용정,,206323,2015,,1100397,mXQbr_4AAAAJ,https://mathedu.cnu.ac.kr/mathedu/intro/faculty01.do?mode=view&key=LZStrEwBmEZxEDYA4g%20&pager.offset=0&pagerLimit=10,Mathematical understanding of biological diffusion,
이광희,Kwang Hee Lee,202406,금오공과대학교 컴퓨터소프트웨어공학과,2009,,,,,,2023,,,TwbFnVYAAAAJ,https://kwangheeya.github.io,,
이경섭,Kyungsub Lee,201509,영남대학교 통계학과,2001,2006,2012,최건호,,181556,2012,194288,1078484,ucjucwwAAAAJ,https://sites.google.com/view/ksublee,GARCH intensity model and new methods of option pricing,
이경현,Kyung Hyune Rhee,,부경대학교 IT융합응용공학과,,1983,1992,최봉대,,41752,1992,,,,https://cms.pknu.ac.kr/itcae/view.do?no=9560&viewType=view&idx=1836,M/G/1 retrial queueing system and its applications to the CSMA/CD protocol,
이계선,Gye-Seon Lee,202203,서울대학교 수리과학부,1998,2002,2010,최서영,,41945,2010,167751,832440,,http://www.math.snu.ac.kr/~gyeseonlee/,Projective deformations of hyperbolic coxeter 3-orbifolds,
이남길,Namgil Lee,201703,강원대학교 정보통계학과,2000,2004,2013,김성호,,181551,2013,209262,930304,,https://sites.google.com/site/namgil,Bayesian approach to shrinkage estimation for large scale vector autoregressive models,
이덕균,Dokkyun Yi,201503,대구대학교 자유전공학부,,1998,2005,이성연,,41887,2005,,769638,,https://slac.daegu.ac.kr/hakgwa_home/slac/sub.php?menu=page&menu_id=1036,Research on mathematical modelling in image processing,
이동원,Dong Won Lee,,경북대학교 수학교육과,1986,1990,1996,권길헌,,41785,1996,,357717,,https://home.knu.ac.kr/HOME/mathedu/sub.htm?nav_code=mat1623140750,Differential equations having orthogonal polynomial solutions,
이민기,Min-Gi Lee,201809,경북대학교 수학과,1999,2007,2014,김용정,,197747,2014,,1090007,SSZ7EjEAAAAJ,https://cebumactan.github.io/ming-lee/,Well-posedness in anisotropic conductivity reconstruction,
이민혁,MinHyuk Lee,202009,부산대학교 경영학과,2009,,,,,,2018,,,loxvM7YAAAAJ,https://biz.pusan.ac.kr/biz/52294/subview.do?enc=Zm5jdDF8QEB8JTJGcG51UHJvZmwlMkZiaXolMkYxNzg5JTJGMTg3MzclMkZhcnRjbFZpZXcuZG8lM0ZmaW5kVHlwZSUzRCUyNmZpbmRXb3JkJTNEJTI2cGFnZSUzRDElMjY=,,
이병국,Byung Gook Lee,1995,동서대학교 컴퓨터공학과,,1987,1993,김병천,,41764,1993,,337620,6ZGFa8YAAAAJ,http://kowon.dongseo.ac.kr/~lbg/,A data based algorithm for choosing the bandwidth in the nonparametric estimation,
이상엽,Sangyop Lee,200803,중앙대학교 수학과,1990,1994,2001,진교택,,41842,2001,51673,696815,,http://cau.ac.kr/~sylee/,Dehn fillings and small surfaces,
이상진,Sang-Jin Lee,200309,건국대학교 수학과,1988,1992,2000,고기형,,41820,2000,51670,604136,iS-5jSoAAAAJ,https://sites.google.com/view/sangjin,Algorithmic solutions to decision problems in the braid groups,
이승규,Seunggyu Lee,202103,고려대학교 응용수리과학부,2007,,,,,,2016,,1038751,U-HiuG4AAAAJ,https://sites.google.com/view/sglee,,
이승진,Seung Jin Lee,201703,서울대학교 수리과학부,2005,2007,,,,,2013,175854,1010614,,https://sites.google.com/site/lsjin1986/seung-jin-lees-hompage,Centrally symmetric polytopes with many faces,
이애자,Ae Ja Yee,200308,The Pennsylvania State University 수학과 (미국),,1993,2000,김동수,,41824,2000,115140,650910,,https://science.psu.edu/math/people/auy2,Combinatorial interpretation of lecture hall partitions,
이언경,Eon-Kyung Lee,,세종대학교 수학통계학부,1988,1992,2001,한상근,,41838,2001,137292,361936,,http://home.sejong.ac.kr/~eonkyung/,A study of provably secure pseudo-random generator and hard-core predicate,
이영주,Young Joo Lee,200509,전남대학교 수학과,,1989,1994,최부림,,41767,1994,,336959,,https://sites.google.com/view/leeyjhome/,Some contributions to Toeplitz operators on the Bergman spaces,
이영호,Youngho Lee,200909,목포대학교 컴퓨터공학과,1995,,,,,,2008,,,je6DowQAAAAJ,https://uvr.ce.mokpo.ac.kr/members,,
이완석,Wanseok Lee,201403,부경대학교 응용수학과,,2002,2009,곽시종,,41920,2009,181212,929350,,https://math.pknu.ac.kr/math/318?action=view&no=19401121,On projective varieties of almost minimal degree,
이용완,Yong Wan Lee,,안동대학교 수학교육과 [명예교수],,,1995,최봉대,,41772,1995,,360664,,https://mathedu.andong.ac.kr/module/prof/list.php?mid=/introduce/professor2&prcode=professor2,On the retrial queueing systems,
이용훈,Yong Hun Lee,,전북대학교 수학과,,1987,1996,김홍오,김상동,41787,1996,,615879,,https://math.jbnu.ac.kr/math/10958/subview.do?enc=Zm5jdDF8QEB8JTJGamJudVByb2ZsJTJGbWF0aCUyRjQyJTJGMTc1JTJGYXJ0Y2xWaWV3LmRvJTNGcGFnZSUzRDElMjZmaW5kVHlwZSUzRCUyNmZpbmRXb3JkJTNEJTI2,Finite difference preconditioning cubic spline collocation method,
이유태,Yutae Lee,200103,동의대학교 정보통신공학과,1988,1992,1997,최봉대,,41792,1997,,629149,,http://hyomin.deu.ac.kr/~ylee/,Priority queueing systems and its applications to ATM networks,
이은정,Eunjeong Lee,202203,충북대학교 수학과,2005,2009,2018,서동엽,,264940,2018,265979,1128774,uKHWKYEAAAAJ,https://sites.google.com/view/eunjeonglee/,Topology and geometry of flag Bott-Samelson varieties and Bott towers,
이은주,Eunju Lee,202408,Louisiana State University 경제학과,2010,,,,,,,,,,https://sites.google.com/view/eunju-lee,,
이응현,Eunghyun Lee,201508,Nazarbayev University 수학과 (카자흐스탄),,2002,,,,,2011,156295,849051,Bk-6Hx8AAAAJ,https://sites.google.com/a/nu.edu.kz/eunghyun-lee-s-homepage/,Bethe Ansatz Solvable Interacting Particle Systems on Z,
이일빈,Ilbin Lee,201707,"University of Alberta, School of Business (캐나다)",2000,,,,,,2015,211845,1064242,pK-t_RUAAAAJ,https://sites.google.com/site/ilbinleewebpage/,Analysis and Simplex-type Algorithms for Countably Infinite Linear Programming Models of Markov Decision Processes,
이장택,Jang Taek Lee,,단국대학교 응용통계학과,,1983,1988,김병천,,41754,1988,,236904,,https://cms.dankook.ac.kr/web/dkustat/-4?p_p_id=DeptInfo_WAR_empInfoportlet&p_p_lifecycle=0&p_p_state=normal&p_p_mode=view&p_p_col_id=column-2&p_p_col_count=1&_DeptInfo_WAR_empInfoportlet_empId=PYNSHdYxOeBpFgw5DOl8ug%3D%3D&_DeptInfo_WAR_empInfoportlet_action=view_message,Estimation of variance components for mixed models with cell means,
이재람,Jaeram Lee,202403,한국외국어대학교 경영학부,2006,,,,,,2015,,,pcqUvjYAAAAJ,https://biz.hufs.ac.kr/biz/7853/subview.do?enc=Zm5jdDF8QEB8JTJGcHJvZmwlMkZiaXolMkY0MTglMkY0NDIxJTJGYXJ0Y2xWaWV3LmRvJTNGcGFnZSUzRDElMjZzcmNoQ29sdW1uJTNEJTI2c3JjaFdyZCUzRCUyNg%3D%3D,,
이재우,Jaewoo Lee,,CUNY BMCC 수학과 (미국),1988,,,,,,2006,99826,902328,,https://www.bmcc.cuny.edu/faculty/jaewoo-lee/,,
이재헌,Jaeheon Lee,2004,중앙대학교 응용통계학과,,,1994,김병천,,41771,1994,,350490,,https://sites.google.com/view/spm-lab/professor,A simple and improved approximation method for the characteristics of sequential tests,
이정근,Jeong-Keun Lee,,선문대학교 산업안전경영공학과,,1984,1992,김문언,권길헌,41750,1992,,,,https://ie.sunmoon.ac.kr/ie/ad/pp/profsrintrcnPage.do?mi=40374,Linear functionals on space of polynomials and their application to semiclassical orthogonal polynomials,
이정욱,Junguk Lee,202303,창원대학교 수학과,2005,,,,,,2016,,1099787,,https://sites.google.com/site/leejunguk0323/home,,
이정훈,Jung-Hoon Lee,,전북대학교 수학과,1994,1998,2005,진교택,,41884,2005,119212,696063,,https://sites.google.com/view/junghoon123,Heegaard splittings of knot and link complements,
이준경,Joonkyung Lee,202303,연세대학교 수학과,2005,2008,,,,,2018,,984393,PJQ5eUcAAAAJ,https://sites.google.com/site/joonkyungleemaths/,,
이준연,Jun-Yeon Lee,201108,"CSU Northridge, Department of Systems and Operations Management (미국)",1986,,,,,,2004,,,pFeglNoAAAAJ,https://www.csun.edu/som/jun-yeon-lee,,
이준엽,June-Yub Lee,,이화여자대학교 수학과,1986,,,,,,1994,33479,361807,,http://math.ewha.ac.kr/~jylee/,Adaptive Numerical Methods for Singular Perturbation Problems in One Space Dimension,1
이준용,Junyong Lee,202403,국민대학교 국제통상학과,2013,,,,,,2023,,,FNVkFjIAAAAJ,,,
이창옥,Chang-Ock Lee,200609,KAIST 수리과학과,,1984,,,,,1995,11548,364533,mR0fSF8AAAAJ,http://amath.kaist.ac.kr/~colee/,"Multigrid Methods and Parallel Computations for Elliptic Problems, with and Emphasis of Linear Elasticity",
이창준,Changjun Lee,201203,한국외국어대학교 경영학부,1999,,,,,,,,,ThcnRjkAAAAJ,https://www.hufs.ac.kr/user/indexFrame.action?framePath=div3_1.jsp&siteId=hufs&leftPage=&rightPage=03_010901b.html&codyMenuSeq=37045,,
이한국,Hankook Lee,202403,성균관대학교 소프트웨어학과,2010,,,,,,,,,CgqswXUAAAAJ,https://hankook.github.io/,,
이한주,Han Ju Lee,,동국대학교 수학교육과,,1999,2004,최창선,,41877,2004,110011,738542,,https://dume.dongguk.edu/professor/list?professor_haggwa_type=PROFH_050,"Extension of polynomials, complex convexity and M-ideal properties of Banach function spaces",
이형숙,Hyung Sook Lee,,미국 Eastern Washington University 수학과,,1998,,,,,,,,-5rIvL8AAAAJ,https://www.ewu.edu/experts/hyung-sook-lee/,,
이형천,Hyung-Chun Lee,,아주대학교 수학과 [명예교수],,1984,,,,,1994,75530,353631,vPDOviQAAAAJ,https://math.ajou.ac.kr/math/member/member06.jsp?include=view&article_no=202210569&board_wrapper=%2Fmath%2Fmember%2Fmember06.jsp&pager.offset=0&board_no=849,"Analysis, Finite Element Approximation, and Computation of Optimal and Feedback Control Problems",
이호석,Ho-Seok Lee,201603,광운대학교 수학과,1998,2002,2009,최우진,,41917,2009,,831682,,https://klas.kw.ac.kr/ext/out/RsrchInfoUpdtViewSpvPage.do?memberNo=12016009,Risk models and their applications to credit derivatives and insurance,
이화정,Hwa Jeong Lee,201903,동국대학교 수학교육과,,2000,2010,진교택,,41947,2010,148838,988416,,https://sites.google.com/site/leehwajeong/,Prime knots whose arc index is smaller than the crossing number,
이효정,Iona Hyojung Lee,201407,"Singapore Management University, School of Economics  (싱가포르)",2000,,,,,,2014,,,,https://faculty.smu.edu.sg/profile/iona-hyojung-lee-1911,,
이훈희,Hun Hee Lee,201303,서울대학교 수리과학부,1993,1997,2004,최창선,,41874,2004,110012,734722,,http://www.math.snu.ac.kr/~hhlee/,Fourier type and cotype with respect to unimodular groups,
임경수,Kyung Soo Rim,,서강대학교 수학과,,1990,1996,최우진,,41786,1996,156595,610323,,https://sites.google.com/view/professor-rim-kyung-soo,M-harmonic conjugate functions,
임병화,Byung Hwa Lim,202202,성균관대학교 경영대학,2000,2004,2009,최우진,,41918,2009,,817688,QE5z9eMAAAAJ,https://koreansli.skku.edu/researcher/professorList.do?mode=view&perId=LZStrKIQwSg0sA2BiCSBlCAJAjgdgE4BMAW0ADgDKED0AggLxVA &categoryId=G&jojikCode1=3169&jojikCode2=7101CR,Portfolio selection and asset pricing under asymmetric information,
임선혁,Sunhyuk Lim,202312,성균관대 수학과,2008,,,,,,2021,272697,,3LFl1bkAAAAJ,https://sites.google.com/view/sunhyuklim/,,
임성근,Sung Geun Lim,,목원대학교 수학교육과,1987,,,,,,2003,257406,760172,,https://www.mokwon.ac.kr/mathedu/html/sub02/0201.html,Square Classes of Positive Units over Real Number Fields,
임성수,Sungsu Lim,201809,충남대학교 컴퓨터공학과,2004,2009,,,,,2016,,1121259,cMQT0a8AAAAJ,http://www.sungsulim.com/,,
임재근,Jae Kun Lim,,한경대학교 응용수학전공,,1991,1998,김홍오,,41803,1998,135844,619485,,https://www.hknu.ac.kr/hkcommath/2054/subview.do,Frames and frame multiresolution analyses,
장봉규,Bong-Gyu Jang,200805,POSTECH 산업경영공학과,,,2004,최우진,,41878,2004,155862,802584,JE8ILzYAAAAJ,https://bgjang.postech.ac.kr/,Optimal consumption and investment decisions in the presence of transaction costs,
장우승,,,University of Missouri-Columbia 산업 및 생산시스템공학과,1988,,,,,,,,,,,,1
장현진,Hyun Jin Jang,201402,UNIST 경영과학부,,2004,2010,최건호,,41929,2010,194126,931919,F12YqyoAAAAJ,https://sites.google.com/site/janghj/,Credit risk modeling and credit derivatives pricing with copula functions,
장희동,HeeDong Chang,,호서대학교 게임소프트웨어학과,,1985,,,,,1995,,,,http://www.hoseo.ac.kr/Home/Major.mbz?action=MAPP_2005191589,,
전기완,Kiwan Jeon,,NIMS 산업수학연구본부,,2002,2010,이창옥,,41928,,262327,885351,,,Harmonic B_z Algorithms in Magnetic Resonance Electrical Impedance Tomography (MREIT) and Related Studies,
전대열,Daeyeol Jeon,,공주대학교 수학교육과,,1992,2001,배성한,,41839,2001,125268,658790,,https://math.kongju.ac.kr/ZA0510/10107/subview.do,Minimal models for drinfeld modules of rank 2 with complex multiplication,
전병현,Byounghyun Jeon,201908,University of Marquette 금융학과 (미국),2008,,,,,,2019,,,lueb5vEAAAAJ,https://www.marquette.edu/business/directory/byounghyun-jeon.php,,
전성찬,Sung Chan Jun,200709,GIST AI대학원,1987,1991,1998,최우진,,41804,1998,156000,648921,XfUOo6QAAAAJ,https://biocomput.gist.ac.kr/biocomput/35041.do,Iterative methods in inverse scattering problem,
전수민,Soomin Jeon,202209,동아대학교 정보수학과,2006,2010,2017,이창옥,,241914,2017,277504,1358556,9AHiTx0AAAAJ,http://web.donga.ac.kr/soominjeon/,CT metal artifact reduction based on sinogram surgery,
전영목,Youngmok Jeon,,아주대학교 수학과,,1983,,,,,1993,,339264,ZAZnK8MAAAAJ,https://math.ajou.ac.kr/math/member/member01.jsp?include=view&article_no=199411151&board_wrapper=/math/member/member01.jsp&pager.offset=0&board_no=309,,
전재웅,Jaiung Jun,201909,SUNY New Paltz 수학과 (미국),2003,,,,,,2015,190896,1161753,3g_Z1vEAAAAJ,https://sites.google.com/site/jaiungjun0915/,Algebraic geometry over semi-structures and hyper-structures of characteristic one,
전춘배,Choon Bae Jeon,,대덕대학 [2019년 별세],,1996,2003,진교택,,41859,2003,13951,677364,,"https://www.kms.or.kr/board/list.html?num=12897&start=30&sort=top desc,main desc,reg_dt desc&code=announce&tcode=&key=&keyword=",Studies on superbridge index of knots,
정강모,Kang-Mo Jung,,군산대학교 수학과,,1987,1997,김병천,,41790,1997,,611470,,https://www.kunsan.ac.kr/math/index.kunsan?menuCd=DOM_000007102001000000,Identification of influential observations in multivariate statistical methods,
정병선,Byeongseon Jeong,202109,계명대학교 수학전공,,2004,2012,권길헌,김홍오,197743,2012,,849954,,https://newcms.kmu.ac.kr/math/22158/subview.do,Non-stationary subdivision schemes generalizing exponential B-splines,
정수미,Sumi Jung,202108,연세대학교 경영대학,1998,,,,,,2015,,,,https://ysb.yonsei.ac.kr/faculty.asp?mid=m02&sOpt=A&uid=204,,
정연수,Yeon Soo Chung,,공군사관학교 전산통계학과 [명예교수],,,2003,김병천,,41856,2003,,736819,,,Adjustment of unemployment estimates based on small area estimation,
정용욱,Yong Wook Jung,,경기과학기술대학교 기계공학과,,1986,1997,최봉대,,41788,1997,,647539,,https://www.gtec.ac.kr/pme/cms/FrProfessorCon/ProfessorView.do?MENU_ID=130&CONTENTS_NO=&DEPT_CD=14&DEPT_CONT_CD=0&PROF_SEQ=68,Queueing system with bursty traffics and its applicaitons to ATM networks,
정의진,Uijin Jung,201303,아주대학교 수학과,1999,,2009,신수진,,41927,2009,135960,877849,X4IB5-gAAAAJ,http://math.ajou.ac.kr/math/member/member01.jsp?include=view&article_no=201310018&board_wrapper=/math/member/member01.jsp&pager.offset=0&board_no=309,Topological properties of factor maps in symbolic dynamics,1
정일효,Il-Hyo Jung,200203,부산대학교 수학과,,1991,1997,권길헌,,41793,1997,,357666,,https://math.pusan.ac.kr/math/15567/subview.do?enc=Zm5jdDF8QEB8JTJGcG51UHJvZmwlMkZtYXRoJTJGNDElMkY0MDE3JTJGYXJ0Y2xWaWV3LmRvJTNGZmluZFR5cGUlM0QlMjZmaW5kV29yZCUzRCUyNnBhZ2UlM0QxJTI2,Sobolev orthogonality and differential equations,
정종헌,Jongheon Jeong,202403,고려대학교 인공지능학과,2012,,,,,,,,,mZB2qfcAAAAJ,https://jh-jeong.github.io,,
정호윤,Ho Yun Jung,202003,단국대학교 수학과,2001,,2011,구자경,,181564,2011,179418,884886,,http://www.dankook.ac.kr/web/kor/-270?p_p_id=DeptInfo_WAR_empInfoportlet&p_p_lifecycle=0&p_p_state=normal&p_p_mode=view&p_p_col_id=column-2&p_p_col_count=1&_DeptInfo_WAR_empInfoportlet_viewNo=1&_DeptInfo_WAR_empInfoportlet_action=view,Ray class invariants and normal bases over imaginary quadratic fields by Siegel functions,
정호현,Hohyun Jung,202103,성신여자대학교 통계학과,2008,2012,2019,이지운,김성호,283236,2019,,1305340,,https://sites.google.com/view/hohyunjung,A study on the effects of fitness and popularity on network dynamics,
정환엽,Hwanyup Jung,,충북대학교 수학교육과,1988,1994,2001,배성한,,41831,2001,59579,638429,5fCJCGQAAAAJ,https://edu.chungbuk.ac.kr/mathedu/selectWebProfessorList.do?key=435,Cyclotomic units and central extensions of function fields,
정희선,Hee Sun Jung,,성균관대학교 수학교육과,,1994,2001,권길헌,,41837,2001,,632638,,https://coe.skku.edu/coe/intro/faculty_math.do?mode=view&perId=LZStrJYdQCgJgHALADANwGYGMCMAHAHig5ga2AHsBFACwGpcBeaoA,Mean convergence of interpolation polynomials for exponential weights,
조경희,Kyeonghee Jo,,목포해양대학교 교양과정부,1986,,,,,,2001,,706545,,https://www.mmu.ac.kr/S5/usrPositionprofessor,Quasi-homogeneous domains and projectively flat manifolds,
조광현,Gwanghyun Jo,201909,한양대학교 수리데이터사이언스학과,2007,2011,2018,곽도영,,264935,2018,,1201770,8BN1dJ7aXgMC,https://sites.google.com/view/gwanghyunjo/people/prof-gwanghyun-jo,An immersed finite element method for computing a two-phase flow in porous media,
조범규,Bumkyu Cho,201103,동국대학교 수학과,1995,2000,2009,구자경,,41908,2009,179416,865938,,https://math.dongguk.edu/professor/list?professor_haggwa_type=PROFH_011,Construction of class fields by Shimura's canonical models,
조용화,Yonghwa Cho,202403,경상대학교 수학과,2006,2010,2017,이용남,,325007,2017,,1243048,,https://sites.google.com/site/yhchoag,On derived categories of algebraic surfaces constructed via Q-Gorenstein smoothings,
조윤주,Yoon Joo Jo,201908,Texas A&M University 경제학과 (미국),2004,,,,,,2019,,,N4IceroAAAAJ,https://sites.google.com/view/yoonjoojo/home,,
조윤형,Yunhyung Cho,201703,성균관대학교 수학교육과,1999,,2010,서동엽,,41948,2010,186726,997968,VzXg-GsAAAAJ,https://sites.google.com/site/yhchomath/,Circle actions on symplectic manifolds,
조진환,Jin-Hwan Cho,,NIMS 산업수학혁신센터,,1992,1999,서동엽,,41809,1999,73791,620763,,https://icim.nims.re.kr/pageView/6,Algebraic realization problems for low dimensional G-manifolds,
조철현,Cheol-Hyun Cho,200702,서울대학교 수리과학부,1992,,,,,,2003,81675,717939,dIrkRwcAAAAJ,http://www.math.snu.ac.kr/~chocheol/,"Holomorphic discs, spin structures and Floer cohomology of the Clifford torus",
조혜림,Heyrim Cho,201907,아리조나주립대학교 수리 및 통계과학부 (미국),2003,2007,,,,,2015,270229,979435,cvEzBRYAAAAJ,https://heyrim.github.io/,High-Dimensional Response-Excitation PDFMethods for Uncertainty Quantification andStochastic Modeling,
좌준수,Jun Soo Choa,,성균관대학교 수학교육과 [2022년 별세],,1984,1989,김홍오,,41757,1989,,48595,,https://mathsci.kaist.ac.kr/home/alumni-news/좌준수/,Function spaces and composition properties of holomorphic functions on the unit ball of Cn,
주원영,Weonyoung Joo,202203,이화여자대학교 통계학과,2009,2014,,,,,2020,,1384601,r2eJgW4AAAAJ,http://www.ewha.ac.kr/ewha/professor/info.do?mode=view&pId=JDtZ1J%2FL11IOH%2BCTXAL4Zw%3D%3D,,
지상문,Sang-Mun Chi,200109,경성대학교 소프트웨어학과,,1991,,,,,1998,,,,https://kscms.ks.ac.kr/software/CMS/ProfessorMgr/list.do?mCode=MN024,,
진상돈,Sangdon Jin,202303,충북대학교 수학교육과,,2013,2020,변재형,,283581,2020,,1278097,,https://sites.google.com/view/sangdonjin,Variational methods for singularly perturbed problems,
진범자,Bumja Jin,,목포대학교 수학교육과,,1995,2000,최희준,,41829,2000,,669574,,https://mmed.mokpo.ac.kr/mmed/2739/subview.do,Existence of solutions of the compressible Navier-Stokes equations,
차병철,Byungchul Cha,202501,홍익대학교 수학교육과,1990,,,,,,2003,77480,754933,,https://sites.google.com/view/byungchulcha/,Vanishing of Some Cohomology Groups and Bounds for the Order of Shaferevich-Tate Groups of Elliptic Curves,
차재춘,Jae Choon Cha,200009,POSTECH 수학과,1989,1993,2000,고기형,,41825,2000,51560,630269,BJLT0IIAAAAJ,https://gt.postech.ac.kr/~jccha/,Links in rational homology spheres,
채희준,Hi-joon Chae,200003,홍익대학교 수학교육과,1986,,,,,,1994,,612182,,https://math.hongik.ac.kr/math/0201.do?mode=view&deptCd=AAF130&S1=2000&S2=10040,,
천정희,Jung Hee Cheon,,서울대학교 수리과학부,1987,1991,1997,한상근,,41791,1997,121962,616553,KlTc3U4AAAAJ,http://www.math.snu.ac.kr/~jhcheon/xe2/,The orders of the reductions of a point in the mordell-weil group of an elliptic curve,
천창범,Changbum Chun,,성균관대학교 수학과,,1987,,,,,1999,38288,658866,,https://skb.skku.edu/math/faculty.do?mode=view&perId=LZStrBodw1AWgkgtgjAKQMYGsDCKogGICECaAlsFABwCCAvJUA,Error Estimates for the Bifurcation Function for Semilinear Elliptic Boundary Value Problems,
최경진,Kyoung Jin Choi,201107,"University of Calgary, Haskayne School of Business (캐나다)",,1998,2004,곽도영,구형건,41872,2004,,781141,mQVpjNUAAAAJ,https://sites.google.com/site/kyoungjinchoiecon/,Discretionary stopping in an optimal consumption and portfolio seletion problem,
최대식,Daeshik Choi,201808,Lake Superior State University 수학과 (미국),,2001,,,,,2013,208755,970754,,https://www.linkedin.com/in/daeshik-choi-154540a0/,Estimating Norms of Matrix Functions using Numerical Ranges,1
최두일,Doo Il Choi,,한라대학교 교양과정부,,1989,1996,최봉대,,41779,1996,,629131,,https://cms.halla.ac.kr/user/indexSub.action?codyMenuSeq=15256&siteId=education,Performance analysis of threshold-based queueing system and its application to ATM networks,
최두호,Doo Ho Choi,202103,고려대학교 인공지능사이버보안학과,,1994,2002,고기형,,41845,2002,78716,696826,N4FHafMAAAAJ,https://aisecu.korea.ac.kr/faculty/,On 1-bridge torus knots,
최범준,Beomjun Choi,202107,POSTECH 수학과,2007,,,,,,2019,269098,1269631,StHXLu8AAAAJ,https://sites.google.com/site/mathbeomjun/,Non-compact geometric flows: long time existence and type II singularities,
최석웅,Sukwoong Choi,202406,뉴욕주립대 올바니 경영대학 (미국),2006,,,,,,2019,,,uHkRlUoAAAAJ,https://sukwoongchoi.github.io,,
최소영,SoYoung Choi,201509,경상대학교 수학교육과,,1995,2004,구자경,,41873,2004,179413,754586,,https://www.gnu.ac.kr/mathedu/pi/prfsr/selectPrfsrIntrdView.do?mi=7845&ctgrySn=1351,Class fields related to the Thompson series and certain arithmetic curves,
최수영,Suyoung Choi,201103,아주대학교 수학과,2000,2003,2009,서동엽,,41914,2009,149272,857177,91jZsq4AAAAJ,http://acmi.ajou.ac.kr/~schoi/,Properties determined by cohomology ring in toric topology,
최우현,W. Jason Choi,202209,메릴랜드 대학교 Robert H. Smith School of Business (미국),2006,,,,,,2020,,,2RfCojkAAAAJ,https://sites.google.com/view/wjasonchoi?fbclid=IwAR2H6pQjExxR1C5H6ae7Tj2E-RC2U7Tf6iFzs3lu1cMZLtKOiQWxXoYU7I8,,
최재혁,Jaehyuk Choi,202501,"Coumbia University, Mathematics of Finance (MAFN) Program (미국)",1994,,,,,,2005,92709,788415,tJfJ_5gAAAAJ,https://jaehyukchoi.net/,Transport-Limited Aggregation and Dense Granular Flow,
최정옥,Jeong Ok Choi,201109,GIST 수리과학과,1993,,,,,,2008,130517,895217,,https://las.gist.ac.kr/prog/gsPerson/las/P/list.do?gubunName=Faculty&mno=sub02_01,,
최진혁,Jin Hyuk Choi,201608,UNIST 수리과학과,2001,,,,,,2012,177000,1046316,ESBKuqIAAAAJ,https://sites.google.com/site/gubukhyuk/,A shadow-price approach of the problem of optimal investment/consumption with proportional transaction costs and utilities of power type,
탁병주,Byungjoo Tak,202409,건국대학교 수학교육과,,2011,,,,,2017,,,NUnouLsAAAAJ,https://sites.google.com/view/bjtak/home,,
탁재영,Jae-Young Tak,201703,동의대학교 산업ICT기술공학전공,,1986,,,,,1988,,,,https://ind-ict.deu.ac.kr/ind-ict/sub02.do#teacCon1,,
한강진,Kangjin Han,201501,DGIST 기초학부,1998,2002,2010,곽시종,,41936,2010,161219,985869,bLg4ssQAAAAJ,https://hilbert.dgist.ac.kr/site/KJ.html,"A study on some infinitely generated graded modules, projections, and applications",
한동준,Dong-Jun Han,202409,연세대학교 컴퓨터과학과,2011,,,,,,2022,,,-YR-GxUAAAAJ,https://sites.google.com/view/djhan930/members,,
한동환,Dong Hwan Han,,선문대학교 제약생명공학과,,1987,1993,최봉대,,41765,1993,,335619,,https://btpe.sunmoon.ac.kr/btpe/ad/pp/profsrintrcnPage.do?mi=40799,Queueing system with retrials and vacations,
허미경,Vera Mikyoung Hur,200908,UIUC 수학과 (미국),1995,,,,,,2006,35096,782185,JgfKadUAAAAJ,https://faculty.math.illinois.edu/~verahur,Steady Water Waves with Vorticity,
허석문,Sukmoon Huh,201103,성균관대학교 수학과,1996,,,,,,2007,136459,886034,,https://professor.skku.edu/researcher_eng/professorList.do?mode=view&perId=LZStrMYZgggGiwI4EwwKJgHYBsICMASAZEA7gPIBmBAvOUA%20&categoryId=U&jojikCode1=3172&jojikCode2=317202,Moduli Spaces of Stable Sheaves on a Plane and an Embedded Curve,
허영미,Youngmi Hur,201403,연세대학교 수학과,1993,1997,,,,,2006,106288,805869,TJLvYiEAAAAJ,http://wavelets.yonsei.ac.kr/~wavelets/,Novel Methodologies for Effective Wavelet Constructions in High Dimensions,
허영식,Youngsik Huh,2004,한양대학교 수학과,1989,1993,2000,진교택,,41826,2000,,693037,bb-rXIUAAAAJ,https://sites.google.com/site/youngsikhuh/home,Projections of theta-m curves and finite-type invariants of theta curves,
허철원,Cheolwon Heo,202502,SUNY Korea 응용수학통계학과,2005,,,,,,2021,279873,1468070,BurgUAAAAJ,https://sites.google.com/view/cwheo,,
허충길,Chung-Kil Hur,201309,서울대학교 컴퓨터공학과,1995,,,,,,2010,185123,846000,ognOntwAAAAJ,https://sf.snu.ac.kr/gil.hur/,Categorical equational systems: algebraic models and equational reasoning,
현동훈,David Donghoon Hyeon,2015,서울대학교 수리과학부,1992,,,,,,2001,49332,673409,,,Moduli questions for augmented bundles,1
홍순조,Sonja Hong,201709,홍익대학교 교양과,,,2009,신수진,,41926,2009,136625,873722,,https://www.hongik.ac.kr/kr/education/intro-university.do?mode=prof&deptCd=B33100&S1=2017&S2=10045,Renewal systems and their generating sets,
황강욱,Gang Uk Hwang,,KAIST 수리과학과,1987,1991,1997,최봉대,,41789,1997,230574,628134,,http://queue.kaist.ac.kr/~guhwang/,The MAP/G/1 queue and its applications to ATM networks,
황동선,DongSeon Hwang,202203,IBS 복소기하학연구단,1999,,2009,곽시종,금종해,41922,2009,166440,933189,04vFx7EAAAAJ,,On homology projective planes,
Harvey Rosas,,201207,Universidad de Valparaíso 통계학과 (칠레),,2004,2011,길이만,김성호,181563,2011,,,,https://www.linkedin.com/in/harvey-rosas-96732322/?originalSubdomain=cl,Text mining based on conditional probability output networks,
Darkhijav Bayanjargal,,,National university of Mongolia (몽골),,,2009,곽도영,,41924,,,616727,,,A conservative covolume method for the navier-stokes equations,
양대원,Daewon Yang,202303,충남대학교 통계학과,2011,,2021,정연승,,294694,,,,,https://stat.cnu.ac.kr/stat/faculty/faculty01.do?mode=view&key=LZStrEwBmGYEYRAWAOIA%20&pager.offset=0&pagerLimit=10,Nonparametric Bayesian hierarchical model and multivariate meta-regression model for environmental epidemiology study,
Haojun Li,,,"Yanbian University of Science and Technology, School of Materials, Mechanical & Automation Engineering (중국)",,2004,,,,,,,,,,,
Fayyaz Ahmad,,,University of Gujrat (파키스탄),,,2010,김성호,,41949,,,,3gY3OX0AAAAJ,https://uog.edu.pk/offices/euo57cea53bd4c26/fayyaz-ahmad,A neighborhood method for statistical analysis of fMRI data,